id,question,correct_answer,incorrect_answers,explanation,as_first
10002,Which vitamin is the only one not found in eggs?,Vitamin C,"[""Vitamin D"",""Vitamin B12"",""Vitamin A""]","Eggs contain all vitamins except vitamin C, making them one of nature's most nutritionally complete foods.",1
10004,Which common vegetable was often purple before orange varieties became widespread?,Carrot,"[""Parsnip"",""Turnip"",""Radish""]","Early cultivated carrots were often purple, yellow, or white rather than orange. Orange varieties became widespread later, especially after selective breeding in Europe.",1
10005,What instrument uses 4-km-long laser arms so sensitive that a passing gravitational wave stretches them less than one ten-thousandth of a proton's width?,LIGO's laser interferometers,"[""The Fermi gamma-ray telescope"",""The Very Large Array radio dishes"",""The Gaia star mapper""]","LIGO splits laser beams down vacuum tunnels and recombines them; when spacetime ripples pass, the beams fall out of sync by an unimaginably tiny distance. That phase shift enabled the first direct detection of gravitational waves, recorded in 2015 and announced in 2016. It's a giant ruler tuned to cosmic whisper-level tremors.",0
10014,Why does Earth's daytime sky appear blue to human eyes?,Air molecules scatter short blue wavelengths of sunlight more strongly (Rayleigh scattering),"[""Oxygen in the air is naturally blue-coloured"",""The oceans reflect their colour into the sky"",""Dust filters out all colours except blue""]","Sunlight contains all visible wavelengths of light. When sunlight enters Earth's atmosphere, gas molecules scatter shorter blue wavelengths more efficiently than longer red wavelengths, a phenomenon known as Rayleigh scattering. When you look up during the day, you observe this scattered blue light coming from all directions across the sky. This well-understood physical process is responsible for the blue appearance of our daytime sky.",0
10017,Why does bread go stale faster in the refrigerator?,Cold speeds up starch crystallization,"[""Fridges remove all moisture instantly"",""Bread absorbs onion smells and dries out"",""Cold makes yeast keep fermenting""]",Bread staling is largely a texture change as starches re-crystallize. That process happens faster at typical fridge temperatures than at room temperature.,1
10022,What usually happens to astronauts' height during time in space?,They can temporarily grow up to about 2 inches taller,"[""They shrink slightly because bones compress"",""Their height stays exactly the same"",""They permanently grow several inches""]","In microgravity, the spine is not compressed as much as it is on Earth, so astronauts can temporarily gain a few centimeters in height. The effect usually reverses after they return to normal gravity.",1
10031,Why do you see stars when you rub your eyes?,Pressure stimulates light-detecting cells (phosphenes),"[""Temporary retinal detachment"",""Blood pressure spike to brain"",""Electrical discharge from friction""]","Physical pressure on the eyeball can mechanically stimulate retinal cells. Your brain interprets that activity as light, creating phosphenes even though no real light entered the eye.",1
10036,What causes the 'old book smell'?,Breakdown of cellulose and lignin releasing organic compounds,"[""Mold and mildew growth"",""Ink oxidation"",""Dust accumulation""]","Aging paper releases over 200 volatile organic compounds, including vanilla-scented vanillin, creating the distinctive aroma.",0
10042,What causes the Northern and Southern Lights to be different colors?,Different atmospheric gases at different altitudes,"[""Different charged particles from the Sun"",""Earth's magnetic field orientation"",""Distance from the poles""]",Aurora colors depend on which gas solar particles hit and altitude. Green (most common): oxygen at 60-150 miles up. Red: oxygen above 150 miles. Blue/purple: nitrogen below 60 miles. Pink: nitrogen + oxygen. Altitude matters more than particle type!,0
10044,What causes some ocean waves to glow an eerie blue-green when disturbed at night?,Bioluminescent plankton emitting light when stirred,"[""Phosphorescent minerals dissolved in the water"",""Reflections of distant city lights"",""Tiny pieces of glowing plastic waste""]","Many glowing shorelines are caused by bioluminescent dinoflagellates, microscopic plankton that emit light when mechanically disturbed by waves or swimmers. These organisms use a chemical reaction similar to fireflies, converting mechanical stimulation into brief flashes of light through a process called bioluminescence. This phenomenon creates a striking visual effect when entire waves appear to glow, revealing the presence of millions of these single-celled organisms.",0
10046,Why does food taste bland when you have a stuffy nose?,Most "taste" is actually smell traveling from your mouth up to your nose,"[""Congestion temporarily shuts down your taste buds"",""Saliva stops dissolving flavor molecules when you're sick"",""Your tongue's surface becomes too dry to detect flavors""]","Flavors combine tongue taste with aromas reaching smell receptors through the back of the throat. When your nose is blocked, that aroma shortcut is cut off, and food feels flat.",1
10047,Which sense is least developed at birth in humans?,Vision,"[""Hearing"",""Touch"",""Smell""]",Newborns can only see about 20-30cm clearly; vision develops over the first year as the brain learns to process visual input.,1
10048,What is the hardest substance in the human body?,Tooth enamel,"[""Femur bone"",""Skull"",""Toenails""]","Tooth enamel is made of densely packed mineral crystals, harder than bone and many metals. It is tough enough for a lifetime of chewing, but once it is worn away your body cannot regrow it.",1
10051,What unusual feature does the Eiffel Tower have during the summer?,It grows roughly 6 inches taller,"[""It leans to the north"",""It changes color"",""It becomes magnetic""]","Due to thermal expansion, the iron structure of the Eiffel Tower expands when heated by the summer sun. This can cause the tower's height to increase by up to 15 centimeters (6 inches).",1
10053,What causes mysterious fairy rings—near-perfect circles of mushrooms that appear in lawns and forests?,A single underground fungus growing outward in a ring over time,"[""Seeds dropped in circles by spinning wind vortices"",""Animals marking territory in circular paths"",""Lightning strikes fusing nutrients into ring shapes""]","The visible mushrooms are just the fruiting edges of a much larger fungal network expanding like a ripple. As the center exhausts nutrients, growth only happens on the ring, leaving a pattern that looks almost magical.",0
10054,Why do some people say cilantro (coriander leaves) tastes like soap?,Genetic variation in odor receptors changes how cilantro's smell is perceived,"[""Their tongues are less sensitive"",""Cilantro is mildly toxic"",""They lack bitter taste receptors""]","Variants in an odor receptor gene make some people extra sensitive to certain aldehydes in cilantro. Those same molecules are also found in some soaps, so their brains label the flavor as 'soapy'.",1
10056,What surprising fact about a typical fair-weather cumulus cloud is true despite it floating overhead like cotton?,It can contain hundreds of tons of water while still being held up by rising air,"[""It is almost weightless because water loses mass when it evaporates"",""It is made mostly of frozen hydrogen"",""It floats because Earth's gravity is weaker at that height""]","Clouds are full of countless tiny droplets that together weigh as much as a jumbo jet, but rising warm air keeps them aloft. Realizing how heavy clouds are makes storms feel like moving mountains of water.",1
10059,What actually causes the nostalgic smell of freshly cut grass that many people find relaxing?,Distress chemicals released by damaged plant cells,"[""Natural perfume stored in the roots"",""Chlorophyll evaporating into the air"",""Tiny insects crushed on the blades""]","When grass is cut, broken cells release a mix of volatile organic compounds that scientists believe act as a distress signal. Research indicates that nearby plants can detect these chemical signals and may boost their own defenses against pests. The familiar summer lawn smell that many humans find pleasant is essentially a plant stress response system.",1
10060,"When lightning strikes sandy ground, what unusual glassy structures can it sometimes create underground?",Branching glass tubes called fulgurites,"[""Solid glass boulders the size of cars"",""Thin glass sheets that peel up like tiles"",""Hollow glass spheres that float on water""]","The lightning bolt's heat melts grains of silica and fuses them into glass tubes tracing the discharge path. Fulgurites are like fossilized lightning, capturing a split-second event in rock.",1
10065,Why do astronomers like to say that humans are "made of stardust"?,Most elements in our bodies were forged inside earlier stars,"[""Our bones glow faintly with cosmic radiation"",""Every human contains a tiny fragment of meteorite"",""Human cells naturally form star‑shaped patterns""]","Stars fuse light elements into heavier ones like carbon, oxygen, and iron, then eject them into space when they die. Those recycled atoms later form new stars, planets, and eventually living things like us.",1
10066,"Which parasite is known for reducing a rodent’s fear of cat odor, helping the parasite reach its next host?",Toxoplasma gondii,"[""Giardia lamblia"",""Plasmodium falciparum"",""Tapeworm (Taenia)""]","Toxoplasma can alter behavior in infected rodents, making them bolder around cats. That increases the chance the parasite returns to a cat, where it reproduces. It’s a real example of biology influencing behavior.",0
10069,Why does stubble feel prickly when hair first grows back after shaving?,Cut hairs have blunt tips that feel rough until they wear down or grow longer,"[""Shaving makes each hair grow back thicker permanently"",""New hairs contain tiny barbs that later fall off"",""Hair roots temporarily push through nerves in the skin""]","Shaving slices hairs straight across, so the short regrowth presses its flat ends against your skin. That rough texture creates the illusion that hair is coming back thicker, even though its thickness has not changed.",0
10073,What causes the 'brain freeze' headache when eating cold food too fast?,Blood vessels in the roof of your mouth rapidly constricting then dilating,"[""Your brain actually getting too cold"",""Nerve damage from ice crystals"",""Sudden blood pressure drop""]","Brain freeze happens when cold hits the roof of your mouth, triggering blood vessels to constrict then rapidly dilate. This sends pain signals through the trigeminal nerve. Press your tongue to the roof of your mouth to warm it and stop the pain!",1
10101,Which claim about body heat loss is a common myth?,A fixed 50% of body heat is lost through the head,"[""Heat loss depends on clothing and environment"",""More exposed skin usually means more total heat loss"",""The head is not uniquely responsible for most body heat loss""]","A common myth says that about 50% of body heat is lost through the head. This came from early studies with biased conditions (most of the body was covered, but the head was exposed). In reality, head heat loss is not a fixed percentage and depends on factors like exposed surface area, temperature difference, wind, and clothing.",0
10102,Which planet rotates fastest in the solar system?,Jupiter,"[""Earth"",""Mars"",""Saturn""]","Jupiter's rotation period is about 9.9 hours, the fastest despite its massive size.",0
10104,Which vegetable is actually a flower bud?,Broccoli,"[""Lettuce"",""Cabbage"",""Spinach""]","Broccoli is an unopened flower cluster! If you don't harvest it, those buds bloom into yellow flowers. Artichokes and capers are also flower buds. This explains why broccoli 'flowers' when left too long—because it literally does!",0
10111,"In a typical well-oxygenated gas flame, which part is usually the hottest?",The blue inner region near the tip of the inner cone,"[""The yellow outer flame"",""The red outer edge"",""The wick or fuel source""]","In a well-oxygenated flame, the hottest zone is usually in or just above the blue inner cone, where combustion is most complete. Flame temperature varies by fuel type and oxygen supply, so the answer depends on the kind of flame.",1
10114,What causes airplane cabin air to be so dry?,High altitude air has extremely low humidity,"[""Air conditioning removes moisture"",""Pressurization system dries air"",""Recycled air loses humidity""]","Cabin air is dry because the outside air at cruising altitude contains very little moisture. Even after it is compressed and heated for the cabin, the humidity usually stays low.",0
10115,"Because Earth bulges at the equator and spins, how does your weight on a scale at the equator compare with your weight at the North Pole?",You weigh slightly less at the equator,"[""You weigh slightly more at the equator"",""Your weight is exactly the same"",""It depends only on altitude, not latitude""]","Earth's rotation and equatorial bulge reduce effective gravity a little at low latitudes. It's tiny, but it means location—not just diet—changes what the scale says.",1
10125,What trans-Atlantic process fertilizes the Amazon rainforest with minerals blown from Africa's Bodélé Depression?,Saharan dust plumes,"[""Atlantic upwelling"",""Pacific fog drift"",""Arctic soot fallout""]","Seasonal Saharan dust plumes carry mineral-rich dust across the Atlantic, and part of that dust helps replenish nutrients in the Amazon rainforest.",0
10138,"On Mars, what unusual color do sunsets often appear to human eyes?","Bluish, because dust scatters red light sideways and leaves more blue near the Sun","[""Neon green from intense auroras"",""Pure black because there is no atmosphere"",""Purple from thick methane haze""]","Martian dust is just the right size to scatter red light across the sky while letting more blue travel straight from the Sun. It is the opposite of Earth, where blue light scatters away and sunsets look red or orange.",1
10139,What causes your stomach to growl when you're hungry?,Muscle contractions moving air and fluid,"[""Stomach acid production"",""Digestive gases expanding"",""Blood flow to digestive system""]","Borborygmi (the medical term) occurs when stomach/intestinal muscles contract to move leftover food/gas/fluid. Your brain triggers this every 2 hours, hungry or not! It's just louder when your stomach is empty because there's less food to muffle the sound.",0
10148,"According to astronauts, what does outer space distinctively smell like?",Seared steak or hot metal,"[""Rotten eggs"",""Fresh linen"",""Burnt toast""]","Astronauts returning from spacewalks describe the smell clinging to their suits as 'acrid,' resembling gunpowder, seared steak, or welding fumes. This is likely caused by high-energy atomic oxygen clinging to the fabric.",1
10152,How much would global sea levels rise if Antarctic ice melted?,About 58 meters,"[""About 10 meters"",""About 30 meters"",""About 100 meters""]",The Antarctic ice sheet contains about 90% of global freshwater; complete melting would raise seas 58 meters.,0
10155,Why does metal feel colder than wood at the same temperature?,Metal conducts heat away from your skin faster,"[""Metal actually is colder than wood"",""Metal reflects cold radiation"",""Psychological expectation affects perception""]","Metal and wood can be at the same temperature, but metal conducts heat away from your skin much faster. Your skin senses that faster heat transfer as 'colder.'",1
10156,What causes rainbows to form?,Light refraction and reflection in water droplets,"[""Ice crystal diffraction"",""Atmospheric dust scattering"",""Cloud chemical reactions""]","Sunlight refracts entering water droplets, reflects internally, and refracts again exiting, separating into visible spectrum colors.",0
10157,What is the normal pH level for human blood?,7.35-7.45 (slightly alkaline),"[""7.0 (neutral)"",""6.5-7.0 (slightly acidic)"",""8.0-8.5 (alkaline)""]","Blood maintains a narrow pH range of 7.35-7.45; deviations can be life-threatening, causing acidosis or alkalosis.",0
10158,What is the largest organ in the human body?,Skin,"[""Liver"",""Brain"",""Lungs""]","Skin accounts for about 16% of body weight, covering about 2 square meters.",1
10160,Which planet would float if you could find a bathtub big enough?,Saturn (less dense than water),"[""Jupiter"",""Uranus"",""Neptune""]","Saturn's density is 0.687 g/cm³—less than water (1.0 g/cm³)—so it would float! This is because it's mostly hydrogen and helium gas. Of course, finding a bathtub bigger than Earth, or water that doesn't boil in space, might be challenging. Saturn is the only planet less dense than water!",1
10166,What percentage of body weight is the human brain?,About 2%,"[""About 10%"",""About 5%"",""About 15%""]",The brain is only 2% of body weight but consumes 20% of the body's energy and oxygen.,0
10170,"Most rocks sink, but some, such as pumice, can float. Why?","Because they contain many air-filled pores, making their overall density lower than water","[""Because dissolved minerals in water push them upward"",""Because their mineral structure repels water"",""Because warm water can hold them up better""]","Rocks like pumice form with lots of tiny holes that trap air. This lowers their overall density below that of water, so they can float.",1
10172,Which sense contributes most to what we perceive as flavor?,Smell,"[""Taste"",""Sight"",""Touch""]","What we think of as flavor depends heavily on smell, while the tongue detects only basic tastes such as sweet, salty, sour, bitter, and umami.",1
10174,How long does it take for light from the Sun to reach Earth?,About 8 minutes and 20 seconds,"[""About 1 minute"",""About 15 minutes"",""Instantly""]","Light travels at 300,000 km/second, covering the 150 million km to Earth in 8 minutes 20 seconds. This means you see the Sun as it was 8 minutes ago! If the Sun vanished, we wouldn't know for 8+ minutes.",0
10180,What is the idea behind a coffee nap for boosting alertness?,Drink coffee and then take a short nap so caffeine kicks in as you wake up,"[""Mix coffee with a sedative herb to balance energy"",""Replace all sleep with alternating coffee and meditation"",""Only drink coffee in the hour before bedtime""]","Caffeine takes around 20 minutes to reach peak levels in the brain and blocks the sleepiness chemical adenosine. A brief nap clears some adenosine first, then the caffeine arrives, giving a double lift. It feels counterintuitive, but sleeping right after coffee can leave you more awake afterward.",1
10182,What is the speed of light in a vacuum?,"Approximately 300,000 km/s","[""Approximately 150,000 km/s"",""Approximately 500,000 km/s"",""Approximately 1,000,000 km/s""]","Light travels at exactly 299,792,458 meters per second in a vacuum, the universe's ultimate speed limit.",0
10184,How does the temperature of a lightning bolt compare with the surface of the Sun?,A lightning bolt is several times hotter than the Sun's surface,"[""Lightning is much cooler than the Sun"",""They are about the same temperature"",""Lightning and the Sun's surface are too extreme to compare""]","The Sun's surface is around 5,500°C, while a lightning channel can reach roughly 30,000°C. That extreme heat lasts only a flash, but it shows how violent energy can be in a thunderstorm.",1
10185,Where is most of Earth's freshwater actually stored?,"Locked in ice sheets and glaciers, plus groundwater deep underground","[""In rivers and lakes we can see"",""In the atmosphere as clouds and humidity"",""In living things like plants and animals""]","Visible rivers and lakes hold only a tiny slice of Earth's freshwater. Most of it is frozen or buried, which explains why a water-rich planet can still face drinking-water shortages.",1
10190,Why can spicy foods make your nose run?,Capsaicin activates pain receptors that can trigger mucus production,"[""Spices lower your body temperature through the nasal passages"",""Hot food melts mucus that was already trapped in the nose"",""Your body mistakes spicy food for an infection""]","Capsaicin, the compound that makes chili peppers feel hot, stimulates pain receptors and can trigger a runny nose as part of the body's response.",1
10194,"Genetically, how similar are any two humans on average?",About 99.9% of their DNA is the same,"[""About 90% the same"",""Only about half the same"",""About 95% the same""]","Most variation between people comes from tiny differences scattered across the genome. That 0.1% is enough for uniqueness, but the 99.9% shows how closely related all humans are.",0
10196,Which metal is so soft you can cut it with a knife but must store it under oil because it reacts violently with water?,Sodium,"[""Iron"",""Aluminum"",""Copper""]","Pure sodium is a silvery metal that tarnishes and reacts quickly, especially with water. Keeping it under oil keeps air and moisture away from its surface.",0
10198,"Which underground detector uses 50,000 tons of ultrapure water and thousands of photomultipliers to spot the faint flashes made when neutrinos hit?",Japan's Super-Kamiokande observatory,"[""The Chandra X-ray Observatory"",""The IceCube telescope in Antarctica"",""The Hubble Space Telescope""]","Super-K sits inside a mountain and watches for Cherenkov rings—cones of blue light created when neutrino debris outruns light in water. It proved neutrinos oscillate between flavors, earning a Nobel Prize for showing these ghost particles have mass. It's essentially a cathedral-sized night-vision camera underwater.",0
10203,What is the largest bone in the human body?,Femur (thighbone),"[""Tibia"",""Humerus"",""Fibula""]","The femur is the longest and strongest bone, supporting the body's weight and enabling bipedal movement.",0
10206,What atmospheric phenomenon occurs when charged solar particles energize gases near Earth's poles?,Auroras,"[""Solar eclipses"",""Halo arcs"",""Noctilucent clouds""]","Auroras glow when energetic particles guided by Earth's magnetic field collide with atmospheric gases, causing them to emit light in polar skies.",0
10207,"Which metal can you hold as a solid and watch slowly melt in your warm hand, because its melting point is just above room temperature?",Gallium,"[""Mercury"",""Sodium"",""Aluminum""]","Gallium melts at about 30°C, so body heat can liquefy a small chunk in your palm. It's a playful demo of phase changes that makes metal feel almost like ice cream.",1
10210,How does a Venus flytrap know the struggling bug in its maw is worth digesting?,"It counts touches: two close the trap, and around five total trigger digestion.","[""It tastes chitin with special sap receptors"",""It senses carbon dioxide exhaled by prey"",""It waits exactly 30 seconds for movement to stop""]",Only when two hairs fire within 20 seconds does the trap snap shut; additional twitches spark an electrical burst that pumps in digestive enzymes. That math prevents the plant from wasting energy on raindrops or debris. It's a botanical security system with a built-in motion counter.,1
10212,Which organism turns ants into "zombies" by hijacking their behavior and making them clamp onto vegetation before it sprouts from their bodies?,Cordyceps fungus,"[""Leech"",""Tapeworm"",""Malaria parasite""]",Some Cordyceps fungi alter an ant's behavior so it dies in a position that helps the fungus spread its spores.,0
10221,Why does orange juice taste especially awful right after you brush your teeth?,A detergent in toothpaste suppresses sweet receptors and boosts bitter flavours on your tongue,"[""Fluoride in toothpaste reacts to make the juice acidic"",""Cold water from brushing freezes taste buds"",""Mint chemically turns vitamin C into a bitter compound""]","Many toothpastes contain sodium lauryl sulfate, a detergent that temporarily shuts down sweet taste receptors and disrupts protective fats on your tongue. That makes bitter compounds in orange juice suddenly stand out. It is a tiny chemistry lesson hiding in an everyday 'why does this taste so bad' moment.",1
10222,What is the actual color of the sun?,White,"[""Yellow"",""Orange"",""Red""]","The Sun emits all colors of the visible spectrum almost equally, which combines to form white. Our atmosphere scatters blue light, making the Sun appear yellow to us.",1
10223,Which statement about your adult skeleton is accurate?,Bone tissue is constantly broken down and rebuilt throughout adult life,"[""Bones are completely inert once you stop growing"",""All of your bones are replaced every month"",""Bone cells never communicate with the rest of your body""]","Specialized bone cells dissolve old bone while others lay down new mineral, like a construction crew working nonstop. This remodeling lets your skeleton repair micro-cracks and adapt to the stresses you put on it.",0
10230,Where does the oxygen produced in photosynthesis come from?,Water molecules,"[""Carbon dioxide"",""Air"",""Soil""]","Photosynthesis splits water molecules (H₂O) to release oxygen, fixing carbon into glucose.",0
10231,Why is Surtsey Island off Iceland closed to tourists and open only to tightly controlled scientific access?,It's a pristine lava island where researchers watch ecosystems colonize from scratch,"[""Its lava flats still emit lethal gases"",""A NATO radar station occupies the entire island"",""It houses a seed vault that bans visitors""]","Born from a 1960s eruption, Surtsey lets biologists document the exact order in which winds, waves, and birds deliver seeds and insects to blank basalt. Even dropping a sandwich crumb is discouraged because it could skew decades of data. It's evolution in live broadcast.",1
10241,What causes the 'cotton mouth' feeling when you're nervous or scared?,Fight-or-flight response reduces saliva production,"[""Rapid breathing dries mouth"",""Increased tongue temperature"",""Anxiety dehydrates tissues""]",Your sympathetic nervous system prioritizes blood flow to muscles over digestion during stress. Saliva production drops dramatically—your body thinks survival trumps eating! This is why public speakers get dry mouth. Evolution didn't account for PowerPoint presentations.,0
10242,Why does scrolling on your phone in bed often make it harder to fall asleep?,"Screen light, especially blue-rich light, can suppress melatonin and keep you more alert before sleep","[""The phone processor heats your brain"",""Wi Fi signals keep the brain electrically active"",""Blinking pixels exhaust your eye muscles""]","Research shows that blue-wavelength light signals to the brain that it is daytime, which can suppress the production of melatonin, a hormone that promotes sleep. This can delay your circadian rhythm, making you feel more alert when you intend to wind down. Scientific studies have demonstrated that exposure to screen light before bed can interfere with natural sleep patterns, though individual sensitivity varies.",1
10246,What causes the 'pins and needles' sensation when a limb 'falls asleep'?,Nerve compression interrupting signals,"[""Muscle cramps"",""A buildup of lactic acid"",""Permanent damage to blood vessels""]","Paresthesia occurs when sustained pressure compresses nerves, disrupting electrical signals; the sensation often appears as pressure is released and normal signaling returns.",1
10252,What simple organism has famously been used in lab experiments to solve mazes and even trace efficient rail networks between cities?,Slime mold that spreads out and retracts to find the shortest paths,"[""Paramecia moving through channels toward food"",""Termites building soil tunnels"",""Algae colonies grown in branching patterns""]","Slime molds send out tendrils in all directions, then reinforce the routes that bring food back fastest. Without a brain, they still approximate solutions to complex network problems that challenge human engineers.",1
10253,What is Earth's inner core primarily composed of?,Iron and nickel,"[""Silicon and magnesium"",""Carbon and oxygen"",""Aluminum and calcium""]","The core is an iron-nickel alloy at 5,000-7,000°C, comparable to the Sun's surface temperature.",0
10258,Why do coins sometimes leave a “metallic” smell on your hands even though metal itself doesn’t smell?,Skin oils react to form odorous aldehydes and ketones,"[""Metal evaporates into the air"",""Bacteria eat the metal and release gas"",""Your nose detects magnetism""]","Touching metal can catalyze reactions in skin oils that make smelly compounds. The “metal smell” is really you, not the coin. It’s a fun sensory illusion to share.",0
10265,"If you could fold an ordinary sheet of paper in half 42 times, about how far would its thickness reach?",Roughly the distance from Earth to the Moon,"[""Only about a meter high"",""About as tall as a skyscraper"",""Halfway to the edge of Earth's atmosphere""]","Each fold doubles the thickness, so after only a few dozen folds the height grows astronomically. That exponential growth shows how quickly doubling processes can explode from tiny beginnings.",1
10268,Which vitamin is produced when skin is exposed to sunlight?,Vitamin D,"[""Vitamin A"",""Vitamin C"",""Vitamin E""]","UVB rays trigger vitamin D synthesis in skin, crucial for calcium absorption and immune function.",0
10269,Which internal organ is best known for its remarkable ability to regenerate after partial removal?,Liver,"[""Heart"",""Brain"",""Kidneys""]","The liver is well known for its ability to regrow after partial removal, with the remaining tissue often restoring much of the lost mass over the following weeks.",1
10276,Why do we get goosebumps when we are cold?,"Tiny muscles contract, making hairs stand up to trap air and slow heat loss.","[""Our skin is trying to become waterproof"",""Our bodies signal a fever is coming"",""It means we are about to sneeze""]",The reaction is a leftover from when thicker hair helped maintain warmth.,0
10279,What is the best-supported explanation for why your fingers wrinkle after soaking in water?,A nervous system response that may improve grip in wet conditions,"[""Dead skin simply absorbs water and swells"",""Osmosis equalizes water inside the skin"",""Body heat causes the skin surface to contract""]","Finger wrinkling after soaking is thought to be an autonomic nervous system response rather than simple water absorption, and research suggests it may help improve grip in wet conditions.",1
10280,What percentage of your body's bones are in your feet?,About 25% (52 out of 206 bones),"[""About 10%"",""About 15%"",""About 35%""]","Each foot contains 26 bones—totaling 52 for both feet, or one-quarter of your 206 bones. This complex architecture evolved to absorb the impact of walking 100,000+ miles in a lifetime.",1
10282,Which blood type is known as the universal donor?,O negative,"[""AB positive"",""A positive"",""O positive""]","O negative blood lacks A, B, and Rh antigens, making it compatible with all blood types in emergencies.",0
10283,Why do some bamboo species seem to bloom in sync even when planted on different continents?,They inherit genetic timers that trigger flowering after a fixed number of years,"[""They react to lunar eclipses"",""They listen for cicada choruses"",""They wait for volcanic ash""]","Some bamboo species flower after very long genetically programmed intervals, which can keep distant plants synchronized even when grown on different continents.",1
10287,"Botanically speaking, which of these common fruits is actually a true berry?",Banana,"[""Strawberry"",""Raspberry"",""Blackberry""]","In botany, a true berry develops from a single flower's ovary and has seeds inside the flesh, which bananas do. Strawberries and raspberries are aggregate fruits made from many tiny merged fruits, so the names trick us.",0
10289,Why does a cactus open its stomata at night instead of during the day?,It stores CO₂ in a chemical form overnight so it can photosynthesize during the day without losing water.,"[""It only performs photosynthesis when it is cool"",""It shuts down completely while the sun is out"",""It relies on moonlight for energy""]","The CAM pathway captures gas at night when humidity is higher, letting the plant stay hydrated while still making food in daylight.",0
10291,What is the smallest bone in the human body?,Stapes (in the ear),"[""Hyoid (in the throat)"",""Patella (kneecap)"",""Phalanx (finger bone)""]","The stapes (stirrup bone) in the middle ear is only 2.8mm long, essential for transmitting sound vibrations.",1
10299,What is the only planet in our solar system not named after a god?,Earth,"[""Mars"",""Venus"",""Uranus""]",The names of the other planets are derived from Roman or Greek mythology. Earth's name comes from Old English and Germanic words meaning 'ground'.,1
10302,Do identical twins have identical fingerprints?,No—fingerprints differ because tiny womb conditions shape them,"[""Yes, their fingerprints match exactly"",""Only their thumbprints differ"",""They share fingerprints until age 10, then they diverge""]","Fingerprints form from random stresses and movements in the womb, not just DNA. Identical twins start with the same genes but end up with unique ridge patterns like individual barcodes.",1
10305,"Besides flags and footprints, what scientific device did Apollo astronauts leave on the Moon that researchers still use today?",Reflector panels that bounce lasers back to measure distance precisely,"[""A radiation monitor that still broadcasts data to Earth"",""Wind turbines to test power generation in vacuum"",""Miniature telescopes aimed back at Earth""]",Apollo missions installed arrays of corner cube reflectors on the lunar surface. Observatories fire lasers at them and time the round trip to track the Earth Moon distance to within millimeters. It is a long running physics experiment hidden inside a famous spaceflight story.,1
10308,Which sense is most directly linked to memory and emotion?,Smell (olfaction),"[""Sight"",""Hearing"",""Touch""]","The olfactory bulb connects directly to the hippocampus and amygdala, explaining why scents trigger vivid memories.",1
10312,What sleep disorder causes people to act out dreams physically?,REM Sleep Behavior Disorder,"[""Sleepwalking (somnambulism)"",""Sleep paralysis"",""Narcolepsy""]","REM Sleep Behavior Disorder happens when the normal muscle paralysis of REM sleep does not occur, causing people to physically act out dreams.",0
10315,Why does the Moon always show the same face to observers on Earth?,It is tidally locked and rotates once per orbit so the same side always faces Earth,"[""It does not rotate at all"",""Earth gravity froze its crust on one side"",""The far side is permanently dark and cannot turn""]","Over billions of years, Earth's gravitational forces gradually slowed the Moon's rotation until it matched its orbital period, a phenomenon called tidal locking. The Moon still rotates on its axis, but completes exactly one rotation per orbit around Earth, which means the same hemisphere always faces us.",1
10323,What causes the "burn" you feel in your nose and throat when drinking fizzy soda water?,"Carbonic acid and CO2 bubbles activating pain receptors, not just sharp bubbles","[""Microscopic cuts from ice crystals in the drink"",""Tiny electrical shocks from dissolved minerals"",""Rapid freezing of the throat tissues""]","Enzymes in your mouth turn dissolved carbon dioxide into carbonic acid, which tickles nerve endings that normally sense pain. That mild irritation is part of why carbonation feels exciting instead of just like flat water.",1
10325,"Fungi like mushrooms and molds belong to their own kingdom of life. On the evolutionary tree, which kingdom are they actually closer to?",Animals,"[""Plants"",""Bacteria"",""Archaea""]","Genetic studies show fungi share a more recent common ancestor with animals than with plants. That means mushrooms are, in a sense, 'closer cousins' to us than to the trees they grow on.",1
10327,"Which organ can be removed entirely, with other body systems partly compensating for its function?",Spleen,"[""Liver"",""Stomach"",""Pancreas""]","The spleen helps filter blood and support immune function, but people can survive without it because other organs partly take over some roles. People without a spleen do face a higher infection risk and often need extra vaccinations.",1
10329,Why do you have a small "blind spot" in each eye where you can't see anything?,"It's where the optic nerve exits, and there are no light‑sensing cells there","[""It's a scar from birth that never fully heals"",""It's caused by the lens casting a shadow on the retina"",""It's the area used only for night vision""]","At that spot, nerve fibers bundle together to leave the eyeball, so there are no rods or cones. Your brain fills in the missing patch using surrounding detail, so you normally never notice it.",1
10331,What causes your muscles to feel sore 1-2 days after exercise?,Microscopic muscle damage triggering inflammation (delayed onset muscle soreness),"[""Lactic acid buildup"",""Oxygen debt in tissues"",""Dehydration of muscle fibers""]","The soreness is delayed because inflammation and repair take time to build after exercise, so it usually peaks 1-2 days later rather than immediately.",0
10333,Which body part has the same number of bones as a giraffe's neck?,Human neck (both have 7 vertebrae),"[""Mouse neck"",""Elephant trunk"",""Snake spine""]","Humans and giraffes both have exactly 7 neck vertebrae! The difference? Giraffe vertebrae are each 10 inches long. Almost all mammals—from tiny mice to massive whales—have 7 neck bones. Evolution stretched the bones, not added more. This shows how body plans are conserved across species!",0
10340,What causes airplane contrails (vapor trails) to appear?,Hot exhaust condensing in cold air creates ice crystals,"[""Fuel additives create visible exhaust"",""Wingtip vortices compress moisture"",""Chemical emissions from engines""]","Jet exhaust (mostly water vapor) hits -40°C air, instantly freezing into ice crystals—creating white trails. They're literally ice clouds! Contrails can last hours or disappear quickly depending on humidity.",0
10343,Why have some ancient Roman harbor walls survived pounding seawater for thousands of years better than many modern concrete piers?,Roman concrete's volcanic ash reacts with seawater to form new strengthening crystals,"[""Romans used pure gold rebar that never rusts"",""They baked the concrete in kilns before placing it in the sea"",""The harbors sit in unusually calm, low-salt water""]","Roman marine concrete mixed volcanic ash, lime, and seawater, which slowly grows interlocking mineral crystals. The chemistry makes the material tougher over time, turning old ruins into a materials-science lesson.",1
10347,"What causes a rare 'limnic eruption' in lakes like Lake Nyos, which can suffocate surrounding areas?",Sudden release of dissolved carbon dioxide,"[""Underwater volcanic lava"",""Methane from rotting fish"",""Algae bloom toxicity""]","In deep crater lakes, CO2 from magma can accumulate at the bottom under high pressure. If disturbed, the lake 'burps' a massive cloud of heavy gas that displaces oxygen, suffocating living things nearby.",0
10348,Which planet has the most extreme temperature variations in our solar system?,Mercury,"[""Venus"",""Mars"",""Pluto""]",Mercury swings from 430°C (day) to -180°C (night) due to its thin atmosphere and slow rotation.,0
10349,Why can the same perfume smell different on two people?,Skin chemistry changes how the fragrance breaks down,"[""Perfume companies randomize batches"",""The bottle slowly changes scent"",""Air temperature completely rewrites the smell""]","Your skin's oils, microbiome, and temperature interact with perfume molecules. The mixture of original notes plus what your skin adds makes a slightly different scent on each person.",1
10350,What is the most abundant element in the universe?,Hydrogen,"[""Helium"",""Oxygen"",""Carbon""]","Hydrogen comprises about 75% of the universe's elemental mass, largely produced in the early universe after the Big Bang.",0
10351,What causes thunder?,Rapid expansion of superheated air from lightning,"[""Clouds colliding"",""Atmospheric pressure changes"",""Wind friction""]","Lightning heats air to 30,000°C instantly, causing explosive expansion that creates the sonic boom we hear as thunder.",0
10360,What causes tides on Earth?,Gravitational pull from the Moon and Sun,"[""Earth's rotation"",""Ocean currents"",""Wind patterns""]",The Moon's gravity creates tidal bulges on opposite sides of Earth; the Sun also contributes but with less force.,0
10363,What causes Earth's seasons?,Axial tilt of about 23.4 degrees,"[""Distance from the Sun"",""Solar flare activity"",""Orbital speed variations""]",Earth's tilt of about 23.4 degrees causes each hemisphere to receive different sunlight angles through the year; Earth-Sun distance is not the main cause of seasons.,0
10365,What is the largest internal organ in the human body?,Liver,"[""Brain"",""Lungs"",""Heart""]","The liver weighs about 1.5 kg, performing over 500 functions including detoxification and protein synthesis.",0
10382,Which is greater in number: the trees on Earth or the stars in the Milky Way galaxy?,Trees on Earth (they outnumber the stars in the Milky Way),"[""Stars in the Milky Way (they far outnumber Earth's trees)"",""They are roughly equal in number"",""Scientists don't have any estimate for either""]",Satellite and field surveys suggest about three trillion trees on Earth—several times more than the estimated stars in the Milky Way. It flips our intuition that space must be more crowded than our own planet.,1
10386,Why do most people remember very little from their first few years of life?,The brain structures and language skills for long-term autobiographical memories are still developing (infantile amnesia),"[""Early memories are erased whenever we learn to read"",""Infant memories are stored only in the spinal cord, not the brain"",""Human babies do not form any memories before they can walk""]","Early experiences are stored in more fragmentary, nonverbal ways before the hippocampus and language fully mature. As a result, later you can’t easily reconstruct those events as narrative memories, even though they helped shape you.",1
10387,Which fruit belongs to the rose family?,Apple,"[""Banana"",""Orange"",""Grape""]","Apples, along with pears, peaches, and cherries, belong to the Rosaceae family. If you look closely at an apple blossom, the resemblance to a wild rose is clear.",0
10390,What causes lightning to zigzag instead of traveling in a straight line?,It follows the path of least resistance through air,"[""Wind bends the electrical path"",""Magnetic fields deflect it"",""Temperature variations curve it""]","Lightning zigzags because it searches for the path of least resistance through air! Air isn't uniformly conductive—lightning 'steps' toward the ground in 50-meter increments, creating branches. Each zag is the charge finding easier routes. That's why no two lightning bolts look identical!",1
10392,"Why do some pinecones open only after intense heat, often from wildfire?","Heat melts the resin sealing the cone, allowing the seeds to be released","[""Smoke signals the tree to push the seeds out immediately"",""The cones need rain after a fire before they can split open"",""Animals must crack the cones open after a burn""]","In some species, resin keeps the cone sealed shut. Intense heat can melt that resin, releasing seeds when fire has cleared nearby plants and enriched the ground with ash.",0
10395,Why does a wet towel feel colder than a dry one at the same room temperature?,Evaporation pulls heat from your skin,"[""Water creates cold radiation"",""Wet fabric blocks blood flow"",""Moisture increases gravity""]","Water evaporating from the towel needs energy, and it takes that energy as heat from you. That’s why wind and dampness can feel “chillier” than air temperature suggests. It’s physics disguised as discomfort.",1
10396,Why do we not feel Earth spinning at high speed beneath our feet?,Everything around us moves with Earth at nearly constant speed so we mainly sense changes in motion,"[""Earth actually rotates too slowly to notice"",""Gravity cancels out the sensation of spinning"",""The atmosphere rotates in the opposite direction""]","At Earth's surface, you, the air, and the ground all rotate together at nearly constant velocity, which means there are no sudden accelerations for your inner ear's balance system to detect. Humans primarily perceive changes in velocity or direction, such as in a turning car or an elevator. Because we move with Earth in a stable reference frame, we don't sense the planet's rotation, even though we're traveling at over 1,000 km/h at the equator.",1
10397,What causes your voice to sound different when you hear a recording of yourself?,You normally hear your voice through bone conduction,"[""Microphones distort sound frequencies"",""Your ears filter your own voice"",""Recording devices compress audio""]","When you speak, vibrations travel through your skull bones to your inner ear, adding bass frequencies. Others hear only the sound waves through air. Recordings capture the 'air version'—that's why your voice sounds higher and thinner to you on playback!",0
10398,Which part of your body gets most of its oxygen directly from the air instead of from blood vessels?,The clear cornea at the front of the eye,"[""The eardrum"",""The tip of the nose"",""The fingernails""]","The cornea has no blood vessels, because even thin red lines would block vision. Instead, it absorbs oxygen from the air that dissolves into the tear film on its surface. That is one reason sleeping in contact lenses for too long can starve and damage it.",1
10400,Why does a tiny paper cut on your fingertip often hurt more than a much larger scrape elsewhere?,"Fingertips are packed with pain and touch receptors, and the cut stays open and exposed to air","[""Paper fibers release a special chemical irritant"",""Ink pigments react with nerves under the skin"",""The body overreacts to any injury involving hands""]","Hands have dense nerve endings for fine control, so damage there sends loud alarm signals to your brain. Paper cuts also do not bleed much, so the wound is not washed clean and keeps stinging at every contact.",1
10407,What causes leaves to change color in autumn?,Breakdown of chlorophyll revealing other pigments,"[""Cold temperature creating new pigments"",""Reduced water absorption"",""Increased sugar production""]","Shorter days and cooler weather cause chlorophyll to break down, revealing yellow and orange pigments already in the leaf. In some plants, red and purple anthocyanins are also produced in autumn.",1
10409,What phenomenon causes human eyes to reflect red in flash photos but many non-human mammals' eyes to reflect green?,Many non-human mammals have a reflective layer (tapetum lucidum) that humans lack,"[""Different blood vessel density"",""Pupil size differences"",""Different pigment types""]","Red-eye in humans comes from light reflecting off blood-rich retinal tissue. Many non-human mammals have a tapetum lucidum, a reflective layer behind the retina that improves night vision and can produce green/yellow eyeshine in flash photos.",0
10411,Why can't you tickle yourself effectively even if you try?,Your brain predicts your own movements and dampens the sensation,"[""Your skin becomes temporarily desensitized to self-touch"",""Tickling requires a tiny electric charge from another person"",""Your muscles block nerve signals when you move""]","Your brain predicts the sensory results of your own movements, which reduces the surprise that makes externally caused tickling feel intense.",0
10412,Which part of the eye adjusts pupil size to control how much light enters?,Iris,"[""Cornea"",""Retina"",""Lens""]","The iris contracts or expands to change pupil diameter, regulating the amount of light that reaches the retina.",0
10419,What causes stars to 'twinkle' in the night sky?,Atmospheric turbulence bending starlight,"[""Stars pulsating in brightness"",""Rotation causing light variation"",""Distance making light flicker""]","Stars don't actually twinkle—atmospheric turbulence bends light as it passes through air currents. This creates the twinkling effect. In space, stars shine steadily! Planets don't twinkle much because they're disks (not points) from our perspective. Astronomy tip: twinkling = star!",0
10422,Why does flipping your pillow to the cool side feel instantly refreshing even though the room temperature has not changed?,Temperature sensors in your skin respond most strongly to sudden changes,"[""The pillow fabric releases tiny bursts of menthol when flipped"",""The pillow compresses blood vessels and cools your head faster"",""Your body briefly increases blood flow to your face when you move""]","Many temperature receptors in your skin fire hardest when you go from warm to cool or cool to warm, then adapt to steady conditions. The unused side of the pillow has cooled toward room temperature, so touching it creates a sharp change. Your brain reads that quick drop as a wave of relief.",0
10425,"If you could somehow scoop up a teaspoon of neutron star material without it exploding, about how heavy would it be on Earth?",Roughly a billion tons—about a mountain's mass,"[""About as heavy as a car"",""A few kilograms—similar to a brick"",""Almost weightless because it's mostly empty space""]","Neutron stars cram more mass than the Sun into a city-sized sphere, so their density is mind-bending. A teaspoon would weigh like a mountain, showing how extreme physics gets when atoms collapse.",0
10426,Why do human babies have more bones than adults?,Some bones start separate and fuse together as they grow,"[""Extra bones dissolve once walking begins"",""Cartilage gradually transforms into hollow space"",""Bones split apart to make room for muscles""]","Babies start with more separate bone and cartilage elements, and many of them fuse together as the body grows.",1
10427,"When people listen to a favorite song, when does dopamine activity often start rising most noticeably?","Just before an expected musical peak or drop arrives, during anticipation","[""Only during the very first note of the song"",""Only if the listener is seeing the band live"",""Exactly at the end of the track when it resolves""]","As listeners become familiar with a song, the brain starts predicting when a hook, chorus, or beat drop will land. Dopamine activity can rise in anticipation before the moment arrives, which helps explain why musical buildup feels so powerful.",1
10428,What causes mountains to 'grow' over time?,Tectonic plate collision pushing crust upward,"[""Volcanic eruptions adding material"",""Sediment accumulation"",""Temperature expansion""]","Mountains form when tectonic plates collide, forcing crust upward. The Himalayas grow 5mm/year as India crashes into Asia! Erosion fights this growth—that's why old mountains (Appalachians) are shorter than young ones (Rockies).",0
10431,Can you hear sound in space?,"No, it's a vacuum","[""Yes, but very quiet"",""Yes, loud explosions only"",""Yes, but only near stars""]","Sound requires a medium (like air or water) to travel. Since space is a near-vacuum, sound waves cannot propagate.",0
10432,Why does ice cream often taste noticeably sweeter after you've been eating it for a minute compared with the first spoonful?,"As it warms and melts, your taste receptors and smell pick up more sweetness","[""Sugar sinks to the bottom of the container over time"",""Your tongue becomes more sensitive the longer you eat"",""Cold temperatures slowly create new sugar molecules""]","Cold temperatures numb your taste buds and suppress aroma at the very first bite. As the ice cream melts and warms in your mouth, more sugar and scent molecules reach your receptors, so it suddenly tastes sweeter.",0
10442,Why doesn't a candle flame usually cast a strong shadow?,Because the flame emits light and is not an opaque object,"[""Because fire is completely transparent to all light"",""Because shadows can only form in complete darkness"",""Because hot air absorbs all incoming light""]","A candle flame is itself a light source and is not opaque like a solid object, so it usually does not cast a strong shadow. Under some lighting conditions, the flame or the hot air around it can still create a faint visible effect.",0
10448,Why is it difficult to hum normally while holding your nose closed?,Because humming normally needs sound and airflow to pass through the nose while the mouth is closed,"[""Because your vocal cords stop vibrating when you block your nose"",""Because closing your nose blocks sound from leaving your mouth"",""Because the pressure instantly prevents you from making any voiced sound""]","When you hum, your vocal cords still vibrate, but your mouth is closed and the sound normally escapes through the nasal passages. Pinching your nose blocks that outlet, so pressure builds and the sound becomes muffled, weak, or stops instead of continuing as a normal hum.",0
10451,What color is liquid oxygen?,Pale blue,"[""Colorless"",""Green"",""Red""]","While oxygen gas is colorless, when cooled to -183°C (-297°F) and turned into a liquid, it becomes a distinct pale blue color due to the absorption of red light by its molecular bonds.",0
10456,Can you start a fire using ice?,"Yes, by shaping it into a lens","[""No, ice always melts fire"",""Only if the ice is mixed with gasoline"",""Yes, by striking it against steel""]","If you shape a piece of clear ice into a convex lens (like a magnifying glass), it can focus sunlight onto a specific point. This concentrated energy can generate enough heat to ignite tinder.",0
10458,"The Brooklyn Bridge construction was plagued by 'Caisson Disease', a dangerous condition now known as what?",The Bends (Decompression Sickness),"[""Lead Poisoning"",""Cholera"",""Vertigo""]",Workers dug the foundations in pressurized underwater chambers. Coming up too fast caused nitrogen bubbles to form in their blood. Even the Chief Engineer was paralyzed by it.,0
10459,Do human beings emit light?,"Yes, but it's too faint for our eyes to see","[""No, only fireflies do"",""Only when pregnant"",""Only after radiation exposure""]",Human bodies emit extremely faint visible light as a byproduct of normal metabolic processes. This light is far too weak to be seen by the naked eye.,1
10473,"The Pororoca in the Amazon is a famous tidal bore, where a wave or series of waves does what?",Rolls up the river,"[""Freezes instantly"",""Disappears underground"",""Turns red""]","During certain high tides, ocean water pushes upriver against the river's current, creating a tidal bore. The Pororoca can appear as a powerful wave or sequence of waves traveling inland.",0
10480,Why can hail fall during summer thunderstorms when it's hot outside?,Storm clouds are freezing cold up high,"[""Lightning freezes the raindrops"",""Cold air pockets near the ground"",""Rapid pressure changes create ice""]","Thunderstorm clouds reach heights where it's below freezing. Strong updrafts keep ice pellets bouncing up and down, adding layers until they're heavy enough to fall.",0
10485,"In 1963, a volcanic eruption off the coast of Iceland created a brand new island that scientists have studied ever since. What is it named?",Surtsey,"[""Atlantis"",""Vinland"",""New Iceland""]",Surtsey is a pristine laboratory for scientists to observe how life colonizes new land from scratch. Human access is strictly restricted.,0
10487,The Alnwick Garden in England has a locked section where visitors are warned not to smell or touch the plants. Why?,The plants are dangerous or toxic,"[""The plants are extremely rare"",""The plants are part of a royal collection"",""The plants attract aggressive insects""]","The Poison Garden contains many toxic, intoxicating, or narcotic plants, so visitors are kept at a safe distance and told not to touch or smell them.",0
10488,"On a very cold night, if you see two bright spots flanking the moon, you are looking at what phenomenon?",Moon dogs,"[""Star clusters"",""Satellite flares"",""UFO landing lights""]","Moon dogs, or paraselenae, are caused by moonlight refracting through ice crystals in the atmosphere. They appear as bright patches of light to the left and right of the moon.",0
10492,"On very cold calm days in the Arctic, the sea can look like it is steaming or boiling. What is this effect called?",Arctic sea smoke,"[""Diamond dust"",""Whiteout"",""Ice blink""]","Arctic sea smoke, also called frost smoke, forms when very cold air passes over relatively warmer open water. Water vapor quickly condenses into low drifting plumes above the surface.",0
10493,"Australia's Lake Hillier is famous for its permanent, bubblegum-pink color. What causes this vibrant hue?",Salt-loving algae and microbes,"[""Strawberry syrup pollution"",""Red clay sediment"",""Refraction of sunlight""]","The pink color is linked to salt-loving algae such as Dunaliella salina and other halophilic microbes, which produce reddish pigments in the salty lake environment.",0
10494,"If you bend a paperclip made of Nitinol wire, what happens when you dip it into hot water?",It snaps back to its original shape,"[""It melts instantly"",""It changes color"",""It becomes magnetic""]",Nitinol is a 'shape memory alloy'. Heat triggers a crystal structure change that forces the metal to return to the exact shape it was 'trained' to remember.,0
10499,"Before Jenner's cowpox vaccine, people used a risky method called variolation to protect against smallpox. What did it involve?",Putting smallpox scab or pus material into the skin,"[""Drinking a weakened smallpox serum"",""Sleeping beside a recovered patient"",""Rubbing cowpox milk onto the skin""]","Variolation used material from a smallpox sore or scab, often inserted through a scratch or blown into the nose. The goal was to cause a milder infection that could protect against future smallpox.",0
10500,"The sharp, metallic scent you often smell after a lightning strike or from a static spark is actually the smell of what gas?",Ozone,"[""Sulfur"",""Nitrogen"",""Methane""]","Electrical discharges split oxygen molecules (O2) into individual atoms, which reform into ozone (O3), creating that distinct clean smell.",0
10503,Feeling tired isn't just about running out of energy. It is also caused by the buildup of a chemical called 'adenosine' in your brain. What does caffeine do to this chemical?,Blocks its receptors,"[""Destroys it completely"",""Converts it to sugar"",""Flushes it out of the body""]","Caffeine molecules look like adenosine, so they fit into the brain's receptors. This blocks the real adenosine from signaling that you are tired, keeping you alert.",0
10506,"In the 1840s, a major medical breakthrough allowed doctors to perform surgeries without patients screaming in agony. What was this discovery?",Anesthesia,"[""Antibiotics"",""X-rays"",""Antiseptics""]","The introduction of ether and chloroform meant patients could be rendered unconscious and insensible to pain during operations, revolutionizing surgery.",0
10509,"When lightning strikes sand at a beach or desert, it can instantly melt the sand into a natural glass structure. What are these rare formations called?",Fulgurites,"[""Sand crystals"",""Lightning stones"",""Thunder glass""]","Fulgurites form when lightning's extreme heat (up to 30,000°C) melts sand into hollow glass tubes. They're also called 'petrified lightning' and can extend several feet underground.",0
10521,What do scientists use 'optical tweezers' made of focused laser beams to trap and move?,Microscopic particles,"[""Small insects"",""Metal bearings"",""Drops of water""]","Optical tweezers use forces from a highly focused laser beam to trap and manipulate microscopic objects such as cells, bacteria, viruses, or tiny particles without physical contact.",0
10522,"Teflon, the non-stick coating, was discovered by accident. What was the scientist trying to find?",A new refrigerant gas,"[""A glue"",""A plastic explosive"",""A hair spray""]",Roy Plunkett was experimenting with gases for refrigerators when one sample unexpectedly froze into a slippery white solid.,0
10523,"Superhydrophobic coatings are so effective at repelling water that if you pour water on a treated surface, what do the droplets do?",Roll off in perfect spheres,"[""Stick like glue"",""Evaporate instantly"",""Turn into ice""]","The surface structure is so rough on a microscopic level that water can't touch it. It stays a perfect sphere and rolls off, picking up all dirt with it.",0
10528,"The physics of freezing a Popsicle is deceptively simple. If you freeze the sugary mix too slowly, it develops large ice crystals that ruin the texture, making it feel like what?",Crunchy ice,"[""Smooth cream"",""Hot jelly"",""Dry sand""]","Commercial popsicles are flash-frozen. Slow freezing separates the water from the syrup, creating jagged ice shards instead of a smooth, consistent treat.",0
10537,"What unusual physical trait made a Kentucky family famous, caused by an inherited blood disorder that affected oxygen transport?",Blue-tinted skin,"[""Extremely pale complexion"",""Purple-veined hands"",""White patches on the skin""]","The Fugates of Kentucky carried a form of inherited methemoglobinemia, which can reduce normal oxygen transport in blood. That condition gave some members a blue appearance.",0
10540,"When high-voltage electricity is discharged through acrylic, what dramatic pattern can be trapped inside?",Branching lightning-like trees,"[""Spiral galaxies"",""Circular ripples"",""Straight lines""]","Lichtenberg figures form when high-voltage electrical discharge creates branching channels inside insulating acrylic, leaving a permanent lightning-like pattern.",1
10542,"Circadian rhythms are regulated by the Suprachiasmatic Nucleus, a tiny region in the brain. What massive external signal resets it daily?","Light, especially sunlight","[""Temperature"",""Sound"",""Hunger""]","Light is the main environmental cue that resets the body's internal clock. Cells in the eyes are especially sensitive to blue wavelengths, which is one reason bright screens and late-night light exposure can affect sleep timing.",0
10543,"At New York's Eternal Flame Falls, a small fire burns behind a waterfall. What naturally occurring fuel keeps this flame alive?",Natural gas,"[""Volcanic lava"",""Burning coal"",""Geothermal steam""]","A natural gas seep emits methane through cracks in the rock, which can be lit to produce a flame that is visible behind the falling water.",0
10545,"Which plant is the fastest growing on Earth, capable of shooting up nearly 3 feet in a single day?",Bamboo,"[""Sunflower"",""Oak Tree"",""Ivy""]","Bamboo is technically a giant grass. Its rapid growth makes it an incredibly sustainable resource for building, fabric, and food.",0
10547,Revolving doors were invented in 1888 and are now common in office buildings. What energy-saving benefit do they provide?,They prevent air from escaping,"[""They generate electricity when spinning"",""They block sunlight from entering"",""They filter outdoor pollution""]","A revolving door acts like an airlock, limiting drafts and keeping conditioned indoor air from escaping. This can lower heating or cooling energy use, though the exact savings depend on the building and usage.",0
10548,"Before modern vaccines, thousands of Polio patients had to live inside a large metal cylinder known as an ""Iron Lung."" What did this machine do for them?",It breathed for them,"[""It filtered their blood"",""It kept them warm"",""It digested their food""]","The Iron Lung used negative pressure to force the patient's chest to expand and contract, allowing them to breathe when their muscles were paralyzed by the Polio virus.",0
10550,"Our ancestors needed wisdom teeth to chew tough, raw foods like roots and meat. Why do modern humans often need them removed?",Our jaws have become smaller,"[""They have shallower roots than other teeth"",""Modern food is too soft"",""They grow faster than other teeth""]","As humans evolved and cooked food, our jaws gradually became smaller, but we still grow the same number of teeth. This leaves insufficient room for wisdom teeth.",0
10553,Garlic breath is so persistent because a specific sulfur compound is absorbed into your blood and released through which organ?,Lungs,"[""Stomach"",""Liver"",""Kidneys""]","After digestion, the sulfur compounds in garlic enter your bloodstream and circulate to your lungs. This means you are literally exhaling the smell until the compounds are eliminated.",1
10556,One reason the Manchineel tree is called one of the world's most dangerous trees is that standing under it during rain can cause what?,Skin blisters,"[""Instant sleep"",""Hallucinations"",""Hair loss""]",The sap is incredibly caustic. Rainwater dripping off the leaves picks up the toxins and can burn the skin of anyone seeking shelter underneath.,0
10566,"In the late 1950s, thalidomide was given to some pregnant women for morning sickness. Why was it withdrawn from that use?",It caused severe birth defects,"[""It caused hallucinations"",""It was too addictive"",""It caused heart attacks""]","Thalidomide was linked to severe birth defects, especially limb malformations, when taken during pregnancy. It later returned for some tightly controlled medical uses, but not as a pregnancy nausea drug.",0
10567,"The Dragon's Blood Tree of Socotra is famous for its umbrella shape and its sap, which oozes out as a liquid of what color?",Blood red,"[""Glowing blue"",""Pitch black"",""Neon green""]","The red sap has been prized for centuries as a dye, medicine, and varnish. The tree's unique shape helps it survive in arid conditions by shading its roots and funneling rain down its trunk.",0
10572,"Under the right conditions, if you looked at a rainbow from a high-flying airplane, what shape might you see instead of the usual arch?",A full circle,"[""A double arch"",""A flattened oval"",""A vertical band""]","Rainbows are actually circular, centered opposite the Sun. From the ground, the lower part is usually blocked, but from the air it is sometimes possible to see the full circle.",1
10573,"We often think our 'biological clock' is exactly 24 hours. However, without sunlight to reset it, experiments show that the natural human day is actually slightly what?",Longer,"[""Shorter"",""Irregular"",""Unpredictable""]","In isolation experiments (like caves), humans naturally drift toward a cycle of about 24 hours and 10–15 minutes.",1
10574,Aerogel can be more than 99% air and is an excellent insulator. What can happen to the other side when one side is heated?,It can stay cool enough to touch,"[""It instantly catches fire"",""It turns into liquid"",""It becomes strongly magnetic""]","Aerogels are among the lightest solid materials and can be excellent thermal insulators because their porous structure slows heat transfer. Exact properties vary by type, but some aerogels can block heat well enough for dramatic insulation demonstrations.",0
10584,People think Venus Flytraps eat flies for food (calories). What do they actually need from the insects that they can't get enough of from the soil?,Mineral nutrients like nitrogen and phosphorus,"[""Sugar/Carbohydrates"",""Water"",""Fiber""]","They still photosynthesize for energy, making their own sugar from light. Insects mainly supply mineral nutrients, especially nitrogen and phosphorus, that are scarce in their boggy soil.",1
10585,'Hurricane Hunters' fly directly into tropical cyclones to gather data. They release a tube-shaped instrument attached to a parachute to measure pressure and wind. What is this device called?,A dropsonde,"[""A weather balloon"",""A wind kite"",""A pressure dart""]","As the dropsonde falls through the storm to the ocean surface, it transmits vital data back to the aircraft to help predict the hurricane's path.",0
10588,An “echo” sounds simple—sound bounces back—but real rooms behave in surprisingly complicated ways. What everyday thing makes a room much less echo-y without changing the walls?,Soft furniture,"[""Brighter light bulbs"",""A colder thermostat"",""A higher ceiling fan speed""]",Soft materials soak up sound instead of reflecting it. That reduces repeated bounces that create echo. The room’s “sound feel” can change a lot without any construction.,1
10591,Why can unnecessary heavy disinfecting of low-risk surfaces be unhelpful?,It can remove helpful microbes too,"[""It creates more dust"",""It makes air colder"",""It makes food salty""]","Many surfaces and human environments contain harmless microbes, and some microbes can be beneficial. Over-cleaning can reduce this healthy mix. Balance matters more than total removal.",0
10593,"At Cumberland Falls in Kentucky, you can see a rare phenomenon where the light of the full moon creates a what?",Moonbow,"[""Shadow puppet"",""Solar eclipse"",""Laser show""]","A moonbow, or lunar rainbow, is produced by light from the moon refracting through water droplets in the air, usually near waterfalls.",0
10597,"When you overcook an egg, the yolk sometimes turns greenish-gray. This happens because sulfur from the egg white reacts with what metal in the yolk?",Iron,"[""Copper"",""Zinc"",""Calcium""]","The green ring forms when hydrogen sulfide from the egg white combines with iron in the yolk, creating iron sulfide. Egg yolks naturally contain iron as part of their nutritional content. This is harmless but indicates overcooking. Cooling eggs quickly after boiling prevents this reaction.",0
10608,Scientists can study perfectly preserved ancient insects because they were trapped millions of years ago in what sticky substance?,Tree resin,"[""Volcanic ash"",""Glacial ice"",""Mud""]","When this sticky sap fossilizes, it becomes amber. It dehydrates the trapped specimen, protecting it from bacteria and decomposition for millions of years.",0
10617,Why do cacti have spines instead of leaves?,To reduce water loss,"[""To perform photosynthesis"",""To signal other cacti"",""To store nutrients""]",Leaves lose water through evaporation. Cacti evolved spines to minimize surface area and prevent water loss in deserts. The thick stem does the photosynthesis instead.,0
10618,"Many people experience vivid visions or sounds just as they're falling asleep, even though they're not dreaming yet. What is this common phenomenon called?",Hypnagogic hallucinations,"[""Sleep paralysis"",""Lucid dreaming"",""Night terrors""]","These sensory experiences occur during the transition from wakefulness to sleep (the hypnagogic period). They can include visual, auditory, or tactile sensations and are generally normal.",0
10620,Rogue planets are worlds that drift through space without being attached to what?,Any star,"[""Any moon"",""Any asteroid belt"",""Any nebula""]","Rogue planets were either ejected from their solar systems or formed independently in space. They wander through the darkness of interstellar space, not orbiting any star, making them nearly impossible to detect.",0
10626,"While most trees drop their leaves to survive winter, pine trees keep their needles. What covers their needles to prevent them from drying out in the cold?",A waxy coating,"[""A layer of fur"",""A sugar glaze"",""Tiny heat cells""]","Pine needles have a thick, waxy skin called a cuticle that locks in moisture. This allows them to withstand freezing temperatures without losing the water they need to survive.",1
10628,How long does it take sunlight to reach Earth?,About 8 minutes,"[""About 1 minute"",""About 30 minutes"",""About 1 hour""]","The Sun is about 150 million kilometers from Earth, and light travels at 300,000 km/s, so sunlight takes about 8 minutes and 20 seconds to reach us. This means we see the Sun as it was 8 minutes ago.",0
10632,"In the early 1900s, Mary Mallon became famous for spreading a deadly disease to dozens of people while remaining perfectly healthy herself. What was her profession?",A cook,"[""A nurse"",""A teacher"",""A maid""]","Mary Mallon, known as ""Typhoid Mary,"" was an asymptomatic carrier of typhoid fever. As a cook, she unknowingly transmitted the bacteria through the food she prepared.",0
10636,Why is balancing harder when you close your eyes?,You lose visual cues that steady you,"[""Your feet go numb"",""Your muscles stop working"",""Air pressure changes""]","Balance is a 'team effort' between your eyes, inner ears, and body sensors (proprioception). Closing your eyes removes the visual reference, forcing the other systems to work harder to keep you upright.",1
10651,"When people talk in their sleep, what do they typically remember about it the next morning?",Almost nothing,"[""Every word they said"",""Only the emotional tone"",""Only the last sentence""]","Sleep talkers almost never remember their nighttime conversations because the brain areas responsible for forming memories are largely inactive during sleep. Even if woken immediately after, they usually can't recall what they said.",0
10655,Blood Falls in Antarctica gets its gruesome name because the water flowing from the glacier is bright red due to what?,Rusted iron in the water,"[""Red algae blooms"",""Penguin blood"",""Volcanic lava""]","The water comes from a subglacial lake trapped for millions of years. When the iron-rich water hits the air, it instantly rusts, turning blood red.",0
10662,"Why is soap so effective at destroying viruses with an outer envelope, like influenza and coronaviruses?",It tears apart their outer shell,"[""It poisons them"",""It suffocates them"",""It burns them""]","Many dangerous viruses — including influenza and coronaviruses — are surrounded by a fatty lipid membrane. Soap dissolves this fat, causing the virus to fall apart. This is why handwashing is one of the most effective defenses against viral illness.",1
10664,Strawberry plants can rapidly colonize new ground without waiting to grow from seed. What do they send out to create identical copies of themselves nearby?,Runners,"[""Spores"",""Underground bulbs"",""Seed pods""]","Strawberry plants send out long horizontal stems called runners (stolons) that touch the ground and sprout new plants. One plant can quickly spread across a large area this way—no seeds, no pollination needed.",1
10665,Climbing plants like ivy and morning glories twist and reach upward even though they could survive on the ground. What evolutionary advantage drives plants to climb?,Reaching sunlight without investing energy in a thick trunk,"[""Escaping ground-dwelling insects and diseases"",""Accessing moisture in the air above ground"",""Spreading seeds over a wider area""]","Climbing is an energy-efficient strategy—plants can reach the sunlit canopy by using other structures for support instead of building their own sturdy trunk. This allows them to invest more resources in leaves, flowers, and reproduction.",1
10671,"Pottery glaze turns into a hard, shiny coating when fired. Chemically, this coating is essentially a layer of what material?",Glass,"[""Plastic"",""Metal"",""Resin""]","Glazes contain silica, the main ingredient in glass. The high heat melts the silica, which fuses to the clay and cools into a glass layer.",1
10673,Why do some mountain ranges slowly rise after heavy ice melts?,The land rebounds when weight is removed,"[""Water turns to rock"",""Trees lift the ground"",""Winds pile soil higher""]","Thick ice pushes the land down. When it melts, the land slowly springs back. This rebound can raise mountains slightly.",0
10676,"During extreme cold snaps, what can rapidly freezing underground water cause as it expands with such force?",Loud booming noises,"[""Hot springs"",""Sinkholes"",""Geysers""]","Cryoseisms, or 'frost quakes', occur when saturated soil freezes and expands quickly, cracking the ground and creating loud boom sounds.",0
10681,"If a drop of water skates around a very hot pan instead of evaporating immediately, what is creating the cushion underneath it?",Its own steam,"[""Air pressure"",""Oil vapor"",""Pan vibrations""]","This is the Leidenfrost effect. The bottom of the droplet flashes into vapor, and that vapor layer lifts the drop so it glides across the surface.",1
10691,"In the late 19th century, the Great Wine Blight nearly destroyed Europe's vineyards. The solution involved grafting European vines onto rootstocks from where?",North America,"[""China"",""Australia"",""Africa""]",American grapevines had evolved a natural resistance to the Phylloxera aphid. Grafting European vines onto American roots saved the wine industry.,0
10696,"Before modern electricity, lighthouses used Fresnel lenses to focus a lamp's light. Under good conditions, roughly how far could such beams be visible?",Over 20 miles,"[""2 miles"",""5 miles"",""100 miles""]","A Fresnel lens concentrates light that would otherwise scatter, making lighthouse beams visible from much farther away. Fresnel lenses are still used in some lighthouses, and the exact range depends on lighthouse height, weather, and light source, but 20+ miles is a reasonable rough figure.",0
10697,A "brinicle" is sometimes called the "finger of death" because this underwater icicle can do what near the seafloor?,Freeze seawater around slow-moving sea life,"[""Explodes upon contact"",""Poisons the water around it"",""Traps fish in a cage of ice""]","A brinicle forms when very cold, salty brine sinks from sea ice and freezes the seawater around it. When it reaches the seafloor, the spreading ice can trap or kill slow-moving animals such as sea stars and sea urchins.",0
10701,"If you fall into a black hole, gravity stretches you into a long, thin noodle shape. Physicists seriously call this process what?",Spaghettification,"[""Noodling"",""Stretching"",""Pastafication""]","The tidal forces are so strong that gravity at your feet is much stronger than at your head, pulling you apart vertically while compressing you horizontally.",1
10705,"Why is tempered glass, like the glass used in many car side windows, safer than regular glass?",It breaks into small blunt pieces,"[""It is soft and bouncy"",""It dissolves in water"",""It is impossible to break""]","When tempered glass breaks, it releases that energy by shattering into small, relatively blunt pieces rather than long jagged shards.",0
10707,"Olympus Mons on Mars is so wide and has such a gentle slope that if you were standing on its slopes, what surprising thing would you notice?",You wouldn't realize you were on a mountain,"[""You would see the entire planet"",""You would float away"",""You would burn instantly""]","Because the volcano is so vast, the slope extends beyond the horizon. The curvature of Mars means the base of the volcano would be hidden, making you feel like you were on a high plateau.",0
10708,"Scientists discovered that if you trap a gas bubble in water and blast it with sound waves, what can the bubble do?",Emit a flash of light,"[""Turn into ice"",""Create a black hole"",""Play music back""]","This phenomenon, called sonoluminescence, happens when a bubble collapses so violently that the gas inside gets hot enough to glow. It's effectively 'turning sound into light'.",1
10712,Why can a strand of human hair be surprisingly strong for its size?,It is made of tough keratin fibers,"[""It has tiny metal wires inside"",""It is filled with bone"",""It hardens when pulled""]","Human hair is mostly keratin, a strong protein arranged in fibers. A single strand can resist a surprising amount of pulling force, though real strength varies with thickness, condition, and moisture.",0
10713,"During a volcanic eruption, massive ash plumes can create 'dirty thunderstorms.' What generates the lightning in these volcanic clouds?",Friction between ash particles,"[""Heat from the lava"",""Solar radiation"",""Magnetic field shifts""]","Just as ice crystals rub together in normal clouds to create static, ash and rock fragments collide in volcanic plumes, generating powerful electrical charges.",0
10716,Why do you feel dizzy after spinning and then stopping?,Fluid in the inner ear keeps moving,"[""Your eyes stop blinking"",""Your heart slows down"",""Your shoes lose traction""]",The moving fluid continues to signal motion even after you stop. Your brain briefly misreads your position.,1
10719,"In cold rivers and lakes, perfectly circular disks of ice sometimes form and slowly rotate in the water. What are these natural phenomena called?",Ice circles,"[""Frost rings"",""Frozen spirals"",""Polar disks""]","Ice circles form when ice breaks off and gets caught in an eddy, slowly rotating and grinding against surrounding ice to create a perfect circle. Some can reach over 15 meters in diameter.",0
10720,"If you properly shuffle a standard deck of cards, it is statistically likely that exact order has never existed before in what span of time?",In the entire history of the universe,"[""In the last 100 years"",""In the last decade"",""Since the casino opened""]","The number of possible combinations (52 factorial) is vastly larger than the number of shuffles humans could plausibly have performed, making repeats virtually impossible.",0
10724,"Steel is much heavier than water, yet huge steel cruise ships float easily. What physical principle explains this?",They displace water equal to their weight,"[""The engines push them up"",""The water is saltier"",""They are magnetic""]","This is Archimedes' principle. The ship is shaped to push aside a massive amount of water. If the water pushed aside weighs more than the ship, it floats.",0
10726,"Robert Chesebrough discovered Vaseline after observing oil rig workers using a black, waxy residue to treat what?",Cuts and burns,"[""Dry scalp"",""Rusted tools"",""Leather boots""]",Workers called the residue 'rod wax.' Chesebrough refined it into the clear petroleum jelly we know today.,0
10731,The 'Morning Glory' phenomenon in Northern Australia creates rare clouds that can stretch up to about 600 miles. What do these clouds look like?,A giant rolling cylinder,"[""A fleet of flying saucers"",""A giant mushroom"",""A vertical wall of ice""]","These roll clouds appear as massive horizontal tubes that seem to roll across the sky, often accompanied by sudden wind squalls.",0
10732,"Rapid Eye Movement (REM) sleep, where most dreaming occurs, was only discovered in the 1950s. What happens to the body's major muscles during this phase?",Most voluntary muscles are temporarily inhibited,"[""They twitch constantly"",""They tense up"",""They grow stronger""]","During REM sleep, the brain suppresses most voluntary muscle activity, a state called REM atonia. This helps prevent people from acting out dreams, while muscles needed for breathing and eye movement remain active.",0
10733,"Some rare people have highly superior autobiographical memory, meaning they can recall many personal dates and events with unusual vividness. What can be a difficult downside?",Painful memories may feel harder to leave behind,"[""Their brains age faster"",""They struggle to learn new things"",""They can't focus on the present""]","People with highly superior autobiographical memory do not literally remember every detail of every day. But many can recall personal events with exceptional clarity, which may make unpleasant memories unusually persistent.",0
